,name,impervious_mean,impervious_min,impervious_max,impervious_std,mean_max_rain,mean_peak_intensity,flood_freq_pct,elevation,slope,flow_accumulation_km2,flow_direction_code,static_water_ha,static_weed_ha,potential_ha,water_ratio,urb_category
0,Abbigere Lake,0.3266737887364875,0.2463530090744993,0.4072872281641024,0.06668961253863098,81.43333143445973,7.368333339691162,16.895198279591362,883.0164336267909,3.1536198584008215,5.506420135498047,32,1.2069153976390565,4.2939707005085666,9.899677234894996,0.12191462095196864,Moderate Urban
1,Agara Lake,0.023121467190955966,0.0190249447038584,0.0288369378225608,0.0033764682860686706,81.65999789815396,7.086666504542033,5.7640788609599145,877.3054382884401,1.8447189205626704,0.0083355968818068,64,18.592973515327305,4.4614193589673015,26.72469894477696,0.6957224683334026,Low Urban
2,Agrahara Lake,0.5394746401837839,0.4103148168045556,0.645747440482586,0.09828677617635603,84.54749807839592,6.272499720255534,13.790323602046476,899.1844822109275,6.437908737502493,2.7988803386688232,32,2.0337600129839326,0.29959229845383584,4.2667081689094095,0.4766578665500273,High Urban
3,Akshaynagar Lake,0.9459378907942321,0.937319293674472,0.9537729790849232,0.006776332280455772,86.14666446531191,6.710833152135213,4.888745859840422,901.4487622337364,2.535673409391561,0.1584077477455139,1,0.40434078216652464,0.4673310824460298,1.1875241815095785,0.3404905672341993,Extreme Urban
4,Allalasandra Lake,0.18413730931535666,0.1762454106754749,0.1957661562641977,0.006698607498789607,81.43333143445973,7.368333339691162,3.6310726919749543,903.3574948912132,1.9445742989334456,0.0083300024271011,32,12.030288524179396,1.809916261396222,13.948384854359341,0.8624861336844691,Low Urban
5,Ambalipura Lower Lake,0.625074492071586,0.5951901160540397,0.6664813324404524,0.02587840814661105,81.65999789815396,7.086666504542033,4.767388508311082,889.1963868556297,2.455391372852358,0.0833573639392852,1,0.6297312315622965,1.1411986550703859,2.194087861926509,0.2870127684902116,High Urban
6,Ambalipura Upper Lake,0.4667290276600193,0.4211609589461916,0.4884217446332686,0.02654436833866517,81.65999789815396,7.086666504542033,7.561355636575016,889.4964659034346,2.727876231823471,0.5168262720108032,1,0.32935234253677664,1.9934904234767739,3.4347974712147415,0.09588697595619772,Moderate Urban
7,Amruthalli Lake,0.5999282597304777,0.5092136611484992,0.6743135039544139,0.06150061350851468,81.44179301241782,7.365355823501399,13.223370285754516,895.1895933014355,2.1317821118622793,3.21570086479187,1,0.5825750656127929,3.517584361482509,7.4344396230929535,0.07836166478549246,High Urban
8,Anchepalya Lake,0.06863599984443473,0.050790005342438,0.0904069463975388,0.01615674838757606,79.33416453904162,7.6899999777476,6.894892557468122,861.2671050768529,6.770881424024198,14.922003746032717,32,13.659200561708937,4.808116094689464,21.46932714149624,0.6362193128683679,Low Urban
9,Andrahalli Lake,0.683176769367306,0.613894527375407,0.765077278827168,0.0537326446832536,79.33416453904162,7.6899999777476,7.286566301746514,881.0625301088738,4.155460433965014,2.2581770420074463,16,1.6544556629180907,0.5398572267774195,3.549735056047627,0.46607863313613246,High Urban
10,Arekere lake,0.4673718793621338,0.4421702034834599,0.5158242723845633,0.030079865312552852,85.77973531294008,6.722543636946086,27.531883329695862,902.7156621004564,1.9383855966917456,2.2676568031311035,1,2.1405424371372797,3.208359435806773,7.510894383568853,0.2849916837893527,Moderate Urban
11,Attur Lake,0.0026115844874439165,0.0,0.0113078283076318,0.004603672016614658,84.31574830661218,7.978333155314128,31.986496002033515,903.4767322083196,1.720918639395957,0.0083293439820408,4,4.817508926623476,8.334386581382995,22.506600180840596,0.21404871850545076,Low Urban
12,Avalahalli Lake,0.5079079051399588,0.4650542589929823,0.5910297533458685,0.050846936433248766,85.75499812404935,6.723333120346069,9.693444698095648,909.5864066193852,3.099767868449784,0.0083374083042144,8,3.0245077627932484,0.7383170011233663,5.794656285131118,0.5219477418451942,High Urban
13,B Channasandra Lake,0.9605834932821499,0.8856660268714014,1.0,0.047481665373158975,84.54749807839592,6.272499720255534,1.8807849553716496,904.0432073954988,2.833852870563507,0.6666132807731628,4,0.0032282667795817,0.7094966513689828,1.7015233101100549,0.0018972803724757053,Extreme Urban
14,B Narayanapura Lake,0.8791607678630106,0.7941780727264911,0.9741578658051598,0.08074910681918467,81.65999789815396,7.086666504542033,6.050301027145722,894.8993122420907,0.8934365471914677,0.0083331260830163,1,0.18240412000020342,0.5279937224414302,1.2442216766716452,0.1466009823009542,Extreme Urban
15,BEL Lake,0.4443731456777085,0.4216325916555881,0.4784266647835605,0.026296924737171698,81.43333143445973,7.368333339691162,5.107390321018738,931.543906333156,4.297426522909506,0.0166622549295425,8,0.006455267588297516,0.8136792134592893,5.780303236975574,0.0011167697132227104,Moderate Urban
16,Bagalagunte Lake,0.921577326582807,0.8896080171198912,0.9600709849157054,0.029412934086781077,79.94080980542886,7.59704045949416,8.841418417184508,876.0931669909577,2.3374683000313623,0.0166621841490268,64,0.5067330083211262,1.1785729652085648,2.9891722814223356,0.16952285134934003,Extreme Urban
17,Basapura Lake,0.48043818706783786,0.4144791625057229,0.5644237003260131,0.06579954864208992,86.14666446531191,6.710833152135213,9.498552482696304,908.2246939581416,2.083818062325913,1.3172998428344729,16,1.4865724757699408,0.40331300371007983,2.603189689351999,0.5710580684344931,Moderate Urban
18,Basavanapura Kere,0.6429725140254933,0.5570554294856247,0.8096156385399363,0.09418464897209933,93.87749750073999,8.144999821980795,12.37008880794506,880.1109521680822,3.608067276139957,0.0166653208434581,4,2.082255737828772,0.5098238115353054,3.82266225650563,0.5447135002013498,High Urban
19,Basavanapura Pond,0.9301722071648505,0.8589523756844957,0.9798845806368348,0.048820777967800266,85.75499812404935,6.723333120346069,8.303425971012432,926.0395248822446,2.482478427161894,0.3251890242099762,1,0.4941667053985595,0.5148403066403259,1.672612217254639,0.2954460695077701,Extreme Urban
20,Begur Lake,0.0034284491119830006,0.0,0.0134270254990582,0.005183721801492812,86.14666446531191,6.710833152135213,16.40369619546121,894.4553758834031,0.972687309874638,0.0583600476384162,1,16.563823520972058,17.2348310542083,42.77824065503287,0.38720207440376164,Low Urban
21,Bellandur Lake,0.0,0.0,0.0,0.0,81.65999789815396,7.086666504542033,31.725350492079343,874.2147739150541,1.0895780961308268,114.82073211669922,128,43.61569722213496,143.10409591799177,315.40890498445964,0.13828302414062765,Low Urban
22,Benniganahalli Lake,0.4388564579245342,0.4272575687319782,0.458843724378088,0.011274527346289805,81.65999789815396,7.086666504542033,7.696566656039726,900.6112720868127,9.094169480374882,1.799878478050232,4,4.075821320452722,0.3675353236055063,5.834561927771472,0.6985650972444976,Moderate Urban
23,Bheemanakatte Lake,0.9986642665446125,0.9931436786375826,1.0,0.0027242124471832706,82.41583149554208,7.633333206176758,9.392216560489643,841.7685274302213,3.79557905447265,0.700210690498352,16,0.0,0.2786734424421522,0.7108136510662005,0.0,Extreme Urban
24,Bhoganahalli Lake,0.2904652198620773,0.2088405596768495,0.3680289975272234,0.06058501497938054,81.84929779849404,7.0513411467499125,11.91504250921134,883.5953907629402,2.8979409511354524,0.1750483065843582,64,1.2863014336405236,0.6190346427623276,3.678421464221431,0.3496884318863065,Moderate Urban
25,Byrasandra Lake,0.7025544400184688,0.6428534135127754,0.8713463942285544,0.08591462449539024,81.65999789815396,7.086666504542033,8.858096979510881,892.111337244104,1.9085384518118595,0.0166674852371215,64,1.2686629821114137,0.8349200282272639,2.8316113574517936,0.44803570192383363,High Urban
26,Byrasandra Melina Kere,0.7550223682728833,0.7400939774576953,0.7713215196093492,0.01302018400252795,81.65999789815396,7.086666504542033,6.394984915240201,899.2026981450252,3.5341168363319495,1.000026822090149,2,0.4778346187591553,3.229309491699817,4.0550177963316685,0.11783785984649034,High Urban
27,Carmelaram Lake,0.345310837559995,0.2498487003591253,0.431223944973012,0.06809433670949987,82.73174809043606,6.886666615804036,10.669804613915916,887.4132744809548,4.430353214981628,0.7919002771377563,1,0.11141377271016435,0.576198683153539,2.088082682677624,0.05335697366509186,Moderate Urban
28,Chandrasekhar Layout Lake,0.9423295541831814,0.8852459520078656,0.9993332718837374,0.04434914763627504,86.14666446531191,6.710833152135213,12.677274948829789,912.4793931159422,3.279718868569403,0.3001509308815002,32,0.1292030172983805,1.093367440077339,1.5138408579418705,0.08534782016257465,Extreme Urban
29,Chelekere,0.7726560868657342,0.7525579452912927,0.7917101691376072,0.016370437029495755,84.54749807839592,6.272499720255534,6.33986301646618,887.1413166855839,2.322881474685046,0.0083321304991841,4,0.7556512711837868,1.182894002787272,2.9414358670911604,0.25689877506357606,High Urban
30,Chikka Beguru Lake,0.4454414273805208,0.4140075334427097,0.4746714104005752,0.02829801501606511,86.14666446531191,6.710833152135213,2.4231301451435976,894.8833269558561,3.662522831371432,0.0416834987699985,8,0.0,5.515735648249209,9.830310219391468,0.0,Moderate Urban
31,Chikka Bellanduru Lake,0.053284916704556096,0.0185617557786598,0.1042186367155338,0.03159235723048056,82.73174809043606,6.886666615804036,20.062327461788065,877.2130508762976,3.442175380293562,11.737753868103027,1,2.3849447390238443,3.3547405292491046,20.100017533201324,0.1186538636140182,Low Urban
32,Chikkabettahalli Lake,0.7942804984993656,0.7200714656286558,0.8309137961203499,0.04488099267350434,81.43333143445973,7.368333339691162,9.735021096306255,934.619824111396,3.211884757840358,0.0083299810066819,2,0.4959411987603879,0.02558330708273095,1.86306800114052,0.2661959726949237,Extreme Urban
33,Chikkalasandra lake,1.0,1.0,1.0,0.0,82.41583149554208,7.633333206176758,2.2289294541397795,872.6772201994618,2.6148338175110557,0.0333429388701915,16,0.0,0.44477926901574233,2.1610864384131334,0.0,Extreme Urban
34,Chinnappanahalli Lake,0.6881904878910272,0.5690956278698346,0.7626886988036921,0.07017486512631192,82.73174809043606,6.886666615804036,5.837578109717757,884.5299423703334,3.254765010640246,0.0416704341769218,8,1.4574698069803074,0.4971046034260669,2.6950024717682495,0.540804627174991,High Urban
35,Chokkanahalli Lake,0.6160098113856286,0.6014876713001628,0.6393947394272811,0.013968247665493119,84.54749807839592,6.272499720255534,10.127264442062788,906.2280997304582,3.1739407409976597,0.283231109380722,64,0.4146471392149083,0.04125208521874118,2.022320230141434,0.20503535149124694,High Urban
36,Chudahalli Lake,0.0,0.0,0.0,0.0,85.75499812404935,6.723333120346069,1.3109111870516916,786.5913495978913,4.2533528138264005,6.936830520629883,4,33.472318081292045,7.722008609518412,50.624026579206905,0.6611943052163362,Low Urban
37,Chunchagatta Lake,0.7037603717973138,0.6274540527586776,0.8346913193356315,0.0834409250112891,85.75499812404935,6.723333120346069,5.874959114860254,908.94250990753,1.7915179293662742,0.016673307865858,16,2.819509515423744,1.1168366854863385,6.474151125320735,0.4355025795422814,High Urban
38,Dasarahalli Tank,0.6106232729505678,0.551381639545594,0.6962235185753759,0.053176198549945,81.43333143445973,7.368333339691162,7.7418724864982,890.9721664275467,2.3995720857082508,0.0083316499367356,64,2.8883276226662034,0.5835331450543372,5.82432466497085,0.49590772987595105,High Urban
39,Deepanjali Nagara Kere,0.9549642939414881,0.932642248329878,1.0,0.02648080867849341,82.41583149554208,7.633333206176758,4.402927313550742,823.3274123859818,2.8332947883763913,0.6084211468696594,4,0.2872088940235213,0.5257106238860085,1.4157398143513997,0.20286841629519461,Extreme Urban
40,Devasandra lake,0.6785454355616838,0.6288198208434546,0.7478480639485072,0.05138285508655018,93.4504748662023,8.096789805673493,9.306015778640925,883.9761119440282,4.6414545066055215,1.133295655250549,32,2.396184630959704,0.42872790532779076,3.4236964712045705,0.6998823205015736,High Urban
41,Deverabisanahalli Lake,0.6412861171353262,0.5305893628393609,0.6874558423286985,0.05769781113834685,81.65999789815396,7.086666504542033,6.650917034288457,879.3750579508578,2.4753910580441865,0.8168903589248657,128,2.7448169009234857,0.46391317899367385,3.6844969305988386,0.7449638180258634,High Urban
42,Doddabidirakallu Kere,0.2919307133353802,0.1866595026097635,0.4682130795210316,0.11498739819376365,79.33416453904162,7.6899999777476,11.351976658932164,875.4322542145312,2.068982772977961,8.456657409667969,16,0.0,4.568080753723344,11.45499852283553,0.0,Moderate Urban
43,Doddabommasandra Kere,0.0,0.0,0.0,0.0,81.43333143445973,7.368333339691162,49.62883236733547,902.4898673362457,2.990850784338961,0.0249926298856735,128,11.019804748796448,21.625261748938957,33.54657069409537,0.3284927347502639,Low Urban
44,Doddakalasandra Lake,0.6689008097808667,0.5518604886951234,0.8245048067617269,0.08926905908099532,85.75499812404935,6.723333120346069,13.183308796986742,893.0858338737252,2.8624531626139147,0.3584813475608825,8,1.3451993985688453,2.840011102426068,5.803743398569146,0.23178133597369083,High Urban
45,Doddakannelli Lake,0.1425464938501444,0.1015179303798052,0.1862252656608572,0.03150522049696042,81.65999789815396,7.086666504542033,11.539240930223992,884.8959573476885,2.734282358745787,1.542150616645813,16,4.565415942685994,1.2047140139595973,6.620274250452378,0.6896113015822614,Low Urban
46,Doddanekundi Lake,0.0,0.0,0.0,0.0,81.65999789815396,7.086666504542033,28.274660219767828,876.2960466600161,0.8913443299480285,0.0166676118969917,4,3.0462406734466554,26.91602310692183,38.04355931065581,0.08007244139728584,Low Urban
47,Doddathogur Lake,0.5402816272433592,0.406766797155868,0.7149200164699084,0.13535044847276054,86.14666446531191,6.710833152135213,13.10743995983876,910.6404745636374,2.6795990171251227,4.3773980140686035,2,1.9108682823420509,1.6007826955139561,5.501957242000803,0.3473070033614361,High Urban
48,Doddkammanahalli Lake,0.3165427318911835,0.2457903146509343,0.3576941986234025,0.044101373978897476,86.14666446531191,6.710833152135213,15.17637323962586,908.8122777066438,3.610428693797716,2.76820707321167,16,2.292665255757251,0.853656294378642,4.814579989731731,0.4761921622751974,Moderate Urban
49,Dore Kere,0.27346986217059516,0.2042126089481071,0.319696834706097,0.04701940453757222,82.41583149554208,7.633333206176758,5.624119752107546,857.9366705024933,8.264140132169041,7.544248104095459,32,6.131966675561144,4.4923366934443445,8.915712450459797,0.6877707989836426,Moderate Urban
50,Dubasi Palya Kere,0.7272249765015948,0.6773284923545716,0.7830313864980931,0.03585540750490424,85.83333125337958,8.099166552225748,11.285488937545752,807.594958968347,5.636861841416285,0.0250057429075241,4,0.44674027633916324,1.6705131765762034,4.0859105861110345,0.10933677253186545,High Urban
51,Gantiganahalli Lake,0.0035202730283248,0.0004849199114867,0.0097659187237398,0.003590207831806205,84.31574830661218,7.978333155314128,6.771354460772468,901.6244083956376,1.4514582781432237,0.6829474568367004,128,9.076043095348084,2.576879025951709,19.928855241875755,0.4554221998801484,Low Urban
52,Garudacharpalya Lake,0.9326503160183531,0.9263852291363396,0.9396985387606184,0.005839484457042125,81.65999789815396,7.086666504542033,7.538476027853043,888.1668214175176,2.1045240706720056,0.1166653484106063,2,0.47110227368273755,0.14992716685426,1.1024244912270942,0.42733291706750803,Extreme Urban
53,Goshala Lake,0.7623261441702063,0.734777922113817,0.8012584874197325,0.026734936120849002,81.65999789815396,7.086666504542033,8.43068296554663,889.046178773967,2.6916210434258443,0.0166669189929962,1,0.4228527578979691,0.45816386917513174,1.2665642587788897,0.33385811652828945,High Urban
54,Gottigere Tank,0.2912217739581445,0.2563319434757092,0.3329513017240585,0.027986148732063038,85.75499812404935,6.723333120346069,30.97569979760372,918.6449120406014,3.500204325990076,0.0083378171548247,128,1.9528207344932802,3.7046192063325374,12.004251310873594,0.16267742851437905,Moderate Urban
55,Gowdana Kere,0.9716673630141194,0.9012927485653192,1.0,0.03983576668440313,82.41583149554208,7.633333206176758,5.073508975394882,873.1361437456806,3.3856898012207393,0.2083997428417205,2,0.18077034262812997,1.0078608438803478,2.4786310116218124,0.07293152622578086,Extreme Urban
56,Gubbalala Kere,0.9154136608865562,0.8456606161900426,0.9913943542539724,0.06543917478251247,85.75499812404935,6.723333120346069,6.702260905373501,875.6505835220343,3.471583991407039,0.8003511428833008,32,0.526079277775085,0.2504844001575544,1.9608231508202654,0.26829511756581,Extreme Urban
57,Gunjuru Lake,0.03743991775362537,0.0,0.2027856453862362,0.0814728477136443,82.73174809043606,6.886666615804036,12.980459469229258,877.8188265234862,3.495601685653619,0.0083357188850641,128,0.04844083620707193,1.5761851875275257,22.03662371149998,0.0021981968218567306,Low Urban
58,Gunjuru Palya Lake,0.11013803604029777,0.0729458166816672,0.1581450069576062,0.03655608045050854,82.73174809043606,6.886666615804036,24.90390959910963,875.3779082177159,2.5322100696737384,0.0083356536924839,4,2.0077183165706067,1.8682554282005162,12.819448735931994,0.1566150275201083,Low Urban
59,Halagevader Halli Lake,0.8639686684073108,0.8151436031331594,0.9310704960835512,0.03894035078542359,82.41583149554208,7.633333206176758,5.995180917035713,813.2840977488863,1.8609567662503463,0.025006640702486,64,0.5392935541788737,0.9868192495508131,2.841294239783194,0.18980559866971913,Extreme Urban
60,Halasuru lake,0.0,0.0,0.0,0.0,81.65999789815396,7.086666504542033,2.594812369016178,895.5232281042295,1.1106186269301668,0.2833359539508819,4,33.52969812534258,3.511176863505046,37.82345834809546,0.886478909907267,Low Urban
61,Haralur Lake,0.3924111947780369,0.3727745570619699,0.4430148357742163,0.02556483221715574,86.14666446531191,6.710833152135213,5.10980509653912,889.4597730900306,1.709064359362741,0.0083363987505435,64,6.095597764600865,1.8788747797832615,7.932285794605927,0.7684541281588673,Moderate Urban
62,Haraluru Lake,0.798005167577598,0.7555692784132279,0.9381088878033494,0.07018327623740576,86.14666446531191,6.710833152135213,5.852301859957566,901.3184163420026,2.2900274288871487,0.7086127400398254,2,1.839765595862694,0.7934071886254604,3.2161476752187688,0.5720401491630975,Extreme Urban
63,Hebbal Lake,0.0,0.0,0.0,0.0,81.43333143445973,7.368333339691162,1.7960573658916994,891.344560933368,2.1100325744288795,0.0249942205846309,1,32.669093943904805,7.938679548373251,45.28392121431239,0.7214281154958693,Low Urban
64,Hemmigepura Kere,0.36690672901733173,0.2336091387558338,0.4180095922524587,0.06839938592729415,86.27499802270904,8.016666571299234,9.291900852288158,782.5835711250074,1.8873662517107104,1.2589259147644043,32,3.284386527894961,0.6452966500794654,5.563321210856716,0.5903643531287647,Moderate Urban
65,Herohalli Kere,0.3151184502275644,0.2821830220316809,0.3751650686992893,0.03570420922025522,85.83333125337958,8.099166552225748,7.017966757727367,888.5443246583803,5.026961745882167,2.458284378051758,16,6.9871989202801075,2.12489934449788,9.856256515221688,0.7089100115737959,Moderate Urban
66,Hoodi Lake,0.2808707945106758,0.1380755836450406,0.39268055990615,0.08874954533995302,82.73174809043606,6.886666615804036,15.2833471260183,881.8577810581928,4.388603718957278,0.0416672267019748,128,3.9870900779245417,3.6666409765395613,8.80726070838778,0.4527048999613867,Moderate Urban
67,Horamavu Agara Lake,0.21657828992279962,0.1608067819300007,0.3573777437985319,0.07228162193802766,84.54749807839592,6.272499720255534,31.439980280896584,883.0846858390285,2.199969580170722,4.124431610107422,64,8.737573143621209,2.805262765330396,14.386911314951588,0.6073279352560331,Moderate Urban
68,Horamavu Lake,0.7547713000353147,0.6899077215986734,0.9201277464723856,0.09467650568771944,84.54749807839592,6.272499720255534,15.147558770920153,896.7239282005639,3.9676055415211433,1.2831885814666748,16,0.6232913937731973,2.7378073036872017,4.614853544395296,0.13506200961245668,High Urban
69,Hosakerahalli Lake,0.15655785292789548,0.137140943844247,0.170525371612178,0.015125316320603936,82.41583149554208,7.633333206176758,5.326556619000396,833.3840458835084,1.7953958415332427,0.0083354180678725,32,0.022604814910888667,9.275167122408801,14.96639107261808,0.0015103717924520592,Low Urban
70,Hosakere,0.3724144886933795,0.3567913446297134,0.4007102220365429,0.016344557105435135,85.83333125337958,8.099166552225748,24.804511676523266,800.8496283754699,4.5425077633789055,16.71013832092285,4,0.7572678716023763,5.352520840030743,11.925200619868852,0.06350147856973365,Moderate Urban
71,Hulimavu Lake,0.0052142860068902334,0.0,0.0202928561772621,0.008596630833674578,86.14666446531191,6.710833152135213,31.19625196420383,899.6849426827947,1.217152169628232,0.0416866056621074,128,6.758721227010091,24.119450859942457,41.09662930671246,0.16445925957986451,Low Urban
72,ISRO Layout Lake,0.921265587892827,0.9083390426215,0.9772806174019102,0.027510448846344408,85.75499812404935,6.723333120346069,3.6673817987641217,869.3307054780678,2.874061330776396,0.9670432209968568,64,0.6957267991683063,0.4979522981596305,1.691910455097872,0.4112078136712386,Extreme Urban
73,ITI Layout Lake,0.8724394185160609,0.866041804910418,0.8817094300670943,0.005995127590622033,81.65999789815396,7.086666504542033,3.9312040673174815,894.331523924407,1.9016421160210932,0.2334145009517669,8,0.9605399676453835,0.1158214924935733,1.7001640024461937,0.5649690066742737,Extreme Urban
74,Iblur Lake,0.8136898307011265,0.7861415155490155,0.8480273040897767,0.02115035555771925,81.65999789815396,7.086666504542033,7.300751517832554,881.3897097625332,1.4895110113639631,1.3253920078277588,64,1.238357737428254,0.34052941849303403,2.5612345260171323,0.48350032956723094,Extreme Urban
75,Jakkur Lake,0.05576430715956601,0.0480343580581189,0.0696370791966747,0.007643519856990828,84.54749807839592,6.272499720255534,2.249491448951189,889.0508694823924,1.8898232886277264,0.0333207324147224,128,37.62514757572996,22.93112185623418,49.63010447345808,0.7581113917632732,Low Urban
76,Jogi Kere,0.9264424076503704,0.8943024731377723,0.9647203778072064,0.028392786225008182,85.75499812404935,6.723333120346069,7.189943637220276,872.8330404217927,2.140309291061911,0.1167238727211952,8,0.11017711568695264,0.05421457593680982,0.5836929358299104,0.1887586930109062,Extreme Urban
77,K100,1.0,1.0,1.0,0.0,81.65999789815396,7.086666504542033,2.445226948580315,880.513462811741,2.499956447533283,0.0083352522924542,8,0.0016272501772213001,1.0369943199721192,3.105362301884071,0.0005240129875454541,Extreme Urban
78,Kacharakanahalli Lake,0.9265273367848496,0.783113365719445,1.0,0.08029242374107644,84.54749807839592,6.272499720255534,10.488330149995624,892.6427707531608,2.5099350189592498,0.0083324378356337,1,0.011298431015014649,0.8337218735364528,6.220773588238885,0.0018162421208152764,Extreme Urban
79,Kadiranpalaya Kere,0.5057471793879572,0.4577699019376001,0.5405808807496109,0.03504098097782119,81.65999789815396,7.086666504542033,6.550585236270261,892.0808792447511,3.9253598418020097,0.0083335554227232,64,1.5125770313262938,1.779501473710303,4.8598796139646065,0.31123755143645615,High Urban
80,Kaggadasapura Lake,0.2893123097114474,0.1846855977543136,0.4951413074858267,0.12237194951321696,81.65999789815396,7.086666504542033,22.61287314362771,885.0517538815403,2.017095518326401,0.0083336411044001,1,1.7003716613510227,6.469276643350138,11.792143982959823,0.14419529339262954,Moderate Urban
81,Kaikondrahalli Lake,0.2260106905873679,0.2094710002457606,0.2544820594740722,0.021312161132357926,81.65999789815396,7.086666504542033,5.552526634140306,882.1507210800858,2.6746205725174335,10.487353324890137,128,10.632911093143639,3.952147559541688,16.511430729498784,0.643972728186857,Moderate Urban
82,Kalena Agrahara lake,0.7858503639654256,0.7579975602486457,0.8408016150293601,0.03253848388630768,85.75499812404935,6.723333120346069,7.359602595664928,914.5367732897502,7.194632432615536,0.2834692001342773,128,0.917920492007187,0.06528490582734146,1.4854003719733744,0.6179616683330416,Extreme Urban
83,Kalkere Lake,0.008683236869981683,0.0032423967944486,0.020145232356418,0.00718494418482406,84.54749807839592,6.272499720255534,1.4216962298295044,876.5901072389794,1.4560928829109367,2.1410727500915527,4,38.82162154685375,24.613703224709216,48.58433546233234,0.7990563455777291,Low Urban
84,Kammagondanahalli Lake,0.5066591754780237,0.4952228321605325,0.5155779881860271,0.007781170999914361,81.43333143445973,7.368333339691162,14.33450992574108,888.483299688016,2.8391455631367473,3.449035882949829,16,0.7289281834720787,2.9292355749915635,7.456641703571987,0.09775555973447096,High Urban
85,Kasavanahalli Lake,0.02717899408435495,0.0198789018220022,0.0308981601801419,0.004065593102167902,81.65999789815396,7.086666504542033,6.781814232629147,884.9298001783186,5.745331581654417,0.1167057007551193,128,10.355023122274362,2.0931424827585645,13.04400757321826,0.7938528910037682,Low Urban
86,Kattigenahalli Lake,0.2933637631467742,0.2548614543077013,0.3936189479306397,0.05306166691030399,88.04574814951047,7.367499828338623,12.506546057410604,906.047589229806,2.7599784267829506,0.1582567244768142,64,3.7160666794965156,1.4050742166885668,5.4566227068762645,0.6810195388465552,Moderate Urban
87,Kempambudhi Kere,0.40241242889262935,0.370695162855844,0.4297833912840485,0.019763713659481597,82.41583149554208,7.633333206176758,5.708370368684432,876.6119084561677,3.448942591305432,0.0166692100465297,16,4.977343562665453,4.129074412234438,7.058608855139045,0.7051451163839005,Moderate Urban
88,Kenchanahalli Lake,0.9045313010365247,0.8105319420168765,0.9649416513333108,0.05234346018441827,82.41583149554208,7.633333206176758,5.75731653993681,803.8177601060304,3.9896550334023937,3.8344247341156006,64,0.0,0.9728371512219796,1.5453444912689804,0.0,Extreme Urban
89,Kengeri Lake,0.4998837782017058,0.4015550169417591,0.617543245260762,0.0854911819959783,85.83333125337958,8.099166552225748,8.908438189366658,789.0215633423177,2.599965546169692,0.0083357477560639,64,0.012917671585083,6.0685553874994405,9.77527636604458,0.0013214635680228798,High Urban
90,Kodigehalli Lake,0.18599373541333986,0.1541057609630266,0.2032612701142366,0.017080368297663233,86.53062638256732,7.315552509900456,5.555093525788302,871.4603842067994,2.7182767935131524,6.816653251647949,1,11.849036294766094,0.3025344170584086,15.38054554175882,0.7703911582716925,Low Urban
91,Kogilu Lake,0.0,0.0,0.0,0.0,88.04574814951047,7.367499828338623,36.16856250707532,896.4728568998751,2.9127411803872496,0.0083293439820408,8,3.654005356461768,11.773704692597732,24.117815672179574,0.1515064799453104,Low Urban
92,Konanakunte Lake,0.9091202359555739,0.8417438591640165,1.0,0.06786652529075658,85.75499812404935,6.723333120346069,4.068249223038392,905.980862850428,1.591440794200571,0.0416826829314231,2,0.0,1.1488546680964051,2.033049715438544,0.0,Extreme Urban
93,Konasandra Lake,0.22019835502969495,0.1938416539417533,0.2313865495872213,0.014243726933741211,86.27499802270904,8.016666571299234,22.60786610776944,783.7312269718609,2.4145102898862874,0.0333461463451385,16,5.361308307520549,2.6205170609258515,10.504325276348638,0.5103905454633988,Moderate Urban
94,Kowdenahalli Lake,0.0062981922253714335,0.0006479368891045,0.0128051982349093,0.005148632457494195,84.54749807839592,6.272499720255534,6.905769188915337,887.6581638720417,3.1930657765473773,3.391390323638916,64,2.969658813524433,2.4868369050074555,5.743700005164054,0.517028885710338,Low Urban
95,Krishna Nagara Lake,0.6168724229258973,0.5965016315068242,0.65604702180873,0.025881338485130724,85.75499812404935,6.723333120346069,6.771600360898267,925.5259454025214,3.0703783238001425,0.8003767728805542,128,2.670206791858549,0.10029229483361334,4.421779224144433,0.603876099756022,High Urban
96,Kundalahalli Lake,0.3571330581422966,0.2731363178456473,0.4483433253888302,0.07874156897711876,82.73174809043606,6.886666615804036,5.290002560447433,887.7851624994286,2.9961864169464465,0.0250020548701286,1,4.747831405045254,0.9775445705244276,7.485939865890203,0.6342331744713604,Moderate Urban
97,Kuppareddi Kere,0.0,0.0,0.0,0.0,85.75499812404935,6.723333120346069,2.861625542467915,827.8214214214214,2.510944965425077,0.3418563306331634,8,2.1310227754400914,0.9052669356367321,3.41807241314757,0.6234574689650052,Low Urban
98,Lakshmipura Lake,0.792060373497058,0.7178142747505757,0.9835610130468152,0.10298509506225643,81.43333143445973,7.368333339691162,10.264095536083277,885.4635894855995,2.4308816619135873,0.7996875643730164,8,0.11618131879170733,1.1120554570795196,2.714729585903392,0.04279664515942761,Extreme Urban
99,Lal Bahadur Shastri Nagar Lake,0.28759723732356995,0.1791859400819464,0.3962276320881629,0.0714243093069608,81.65999789815396,7.086666504542033,28.966372608720988,883.2153296621522,1.7551031867189937,2.06685733795166,1,1.557853706319971,7.501669085464976,11.135766333396768,0.1398964076363459,Moderate Urban
100,Lalbagh Tank,0.0458237858580646,0.0180915697585128,0.0663490659344035,0.01888900449005766,82.41583149554208,7.633333206176758,6.676923373364169,904.88356447655,6.923321278302511,1.0085248947143557,1,9.418763209484824,1.1912516668247406,12.405273321608002,0.7592547915150604,Low Urban
101,Lingadeeranahalli Lake,0.8020510393974497,0.6733218419411235,1.0,0.14784909920474126,85.75499812404935,6.723333120346069,7.3173935725269805,841.8986921725552,2.883960960003494,0.2167661935091018,8,0.0,0.6663091149079564,1.7507136425900918,0.0,Extreme Urban
102,Lotus Pond,0.19883005014363309,0.1263644125578167,0.2556741749027942,0.05016526095941937,82.41583149554208,7.633333206176758,2.2528853760698464,917.7490755414684,3.6667288971904455,0.3083465099334717,2,0.0,0.2933561551107768,0.6497149484342688,0.0,Moderate Urban
103,Madiwala Lake,0.0,0.0,0.0,0.0,81.65999789815396,7.086666504542033,3.7809202992862976,885.2853217940807,1.4514626314367314,0.0166721604764461,128,53.63967759090698,17.674768616727924,82.73265795340143,0.6483495020928632,Low Urban
104,Mahadevapura Lake,0.379052400986805,0.3195835764518011,0.4385191782083957,0.04558695754928303,81.65999789815396,7.086666504542033,6.763264619118302,881.4386272657756,3.134010608683218,2.0666308403015137,1,5.528156426412546,1.2079767047503107,7.541746518874827,0.7330074555777176,Moderate Urban
105,Mallasandra Lake,0.739029627196147,0.6819341547360632,0.8322213796004337,0.057308439150991916,81.43333143445973,7.368333339691162,4.571275493552394,896.526699217236,2.443605911539551,0.0333246104419231,128,0.0,1.4023952121171142,4.4195419083599035,0.0,High Urban
106,Mallathahalli Lake,0.16154758138577727,0.1238071251524207,0.1888236034879398,0.025770683337097904,85.83333125337958,8.099166552225748,27.45795942821129,841.104688359074,7.078656158295264,0.0166682936251163,8,4.26648095358406,5.0369627831014,13.682834263344565,0.31181266040864714,Low Urban
107,Mathikere Lake,0.174710571916648,0.1292470008075635,0.2099357940989527,0.029922678558251977,81.43333143445973,7.368333339691162,5.233319629805736,903.6722948699526,1.92563197977722,5.215628147125244,128,1.2984811504902558,1.2483129861599789,4.307804776728011,0.30142525434416645,Low Urban
108,Munekolala Lake,0.6663646554768962,0.6279887590411404,0.7094396412721325,0.03449556942897784,82.73174809043606,6.886666615804036,5.974910833692691,879.0513358185773,4.561316348091534,1.4667882919311523,4,2.9911528683606314,0.9880306136197361,4.391107579288856,0.6811841464483208,High Urban
109,Mylasandra Tank,0.6060834605691773,0.5579258458239512,0.666779310069399,0.040723667112823055,85.83333125337958,8.099166552225748,8.126348562704605,800.4463203463206,4.739973259901073,0.0083360122516751,16,0.4133764278411865,1.1811508306630454,3.159975451887542,0.1308163414985598,High Urban
110,Nagaraesh Nagenahalli Lake,0.8807188489084953,0.7899571134299123,0.9720454468706924,0.07377930102587128,84.54749807839592,6.272499720255534,12.08482452281563,895.8170960586931,3.538210360126433,0.1416182219982147,4,0.8536934627782286,0.4750770366673687,2.003710929688099,0.4260561990901133,Extreme Urban
111,Nagarbhavi Lake,0.9919072481572483,0.9616246928746932,1.0,0.015384182240991607,82.41583149554208,7.633333206176758,4.872202306628524,846.3230293663062,3.459445440649434,0.7750649452209473,4,0.03390225880940755,0.3588763274238935,0.8875362890984033,0.03819816634635514,Extreme Urban
112,Nagarbhavi Thorai,0.9668325347094237,0.938917557439489,1.0,0.029210811839283052,82.41583149554208,7.633333206176758,2.778935933510433,820.992271919025,3.4394094727483977,0.0083345156162977,2,0.007097183765585884,3.658272983140137,10.020582052830724,0.0007082606307865114,Extreme Urban
113,Nagawara Lake,0.059584190435254224,0.0541555371342605,0.0738386908599674,0.007475762954543318,84.54749807839592,6.272499720255534,2.4888813727320875,890.4663385120236,5.422063741187796,0.0333262644708156,128,17.82657961397956,1.244400549239115,19.98963665112963,0.8917910778019154,Low Urban
114,Nallurahalli Lake,0.15937998447964843,0.0825260907756285,0.2791114086868922,0.08573609691204634,82.73174809043606,6.886666615804036,10.016566275120004,876.0601164963178,4.560633190897403,2.9501352310180664,1,5.067854111265295,0.6733413043806286,9.336012037772388,0.5428285750662449,Low Urban
115,Narsipura Lake,0.6329818259961938,0.5804015472462704,0.702523484988028,0.04060908905300985,81.43333143445973,7.368333339691162,9.830816491479208,908.4819949281488,2.7392874941166836,1.774384617805481,4,0.6022680771502327,2.521204045327878,3.62940563165403,0.16594124170016258,High Urban
116,Nayandahalli Lake,0.7911278481868053,0.724288759606583,0.8691938149269867,0.0681844416343263,82.41583149554208,7.633333206176758,16.17784641263427,811.1963300912463,2.87202735120765,2.767028331756592,8,1.0870115320766676,1.4677291679816156,3.386000341671215,0.3210311347872326,Extreme Urban
117,Palace Grounds Lake,0.05215610646898473,0.0333895301881519,0.0811875654478398,0.02117535214010534,81.43333143445973,7.368333339691162,4.666428145930178,924.484638554217,3.85460010981823,0.0666633397340774,4,1.5603422874969282,0.8625488621306575,3.4066349163579006,0.4580303806564398,Low Urban
118,Palanahalli Lake,0.4855230833612147,0.4199881516223988,0.5196280960025536,0.03957382865633748,88.04574814951047,7.367499828338623,13.641169088046308,900.5797556065356,2.6564485156986497,2.23214054107666,2,3.0822752464498886,3.232768908745262,7.300010767986824,0.4222288629993226,Moderate Urban
119,Panathur Chikka Kere,0.6364627714311165,0.4995561262260286,0.7620898007329292,0.10674703309927111,82.73174809043606,6.886666615804036,6.965299120499283,873.7079745413703,2.538609757958079,0.4251021146774292,16,0.4691411493558198,0.0063887690031762005,0.9048249040252087,0.5184883254967851,High Urban
120,Panathuru Kere,0.43620193233153515,0.386422278742305,0.52986656345608,0.05924580114102461,82.73174809043606,6.886666615804036,8.017746084097539,874.2939167208848,4.369802640032364,0.8001863956451416,2,2.69067935862323,0.052477823999442265,4.149419714241775,0.6484471429554817,Moderate Urban
121,Parappana Agrahara Lake,0.44936500133144897,0.4258096233024029,0.5372641799299454,0.04333133226232972,86.14666446531191,6.710833152135213,6.652020729633943,905.4868442162682,3.0240551146605266,0.0083369724452495,64,2.656756277778476,2.2814122548855056,4.266016824660958,0.6227721049810022,Moderate Urban
122,Pattandur Agrahara Kunte,0.6919589933846426,0.5598668329207693,0.8010786042026249,0.08669447974573269,82.73174809043606,6.886666615804036,9.311577380272135,881.7935894960415,4.2430975449651465,0.8250246644020081,8,0.9423835131456961,2.027096112956627,3.542872297399183,0.2659942086643931,High Urban
123,Pattandur Agrahara Lake,0.5763816584918389,0.4744604460169595,0.6725083155964656,0.07089945404995597,82.73174809043606,6.886666615804036,5.398595205496325,882.8314402544295,2.871590845394041,0.0250013396143913,4,0.0,1.956062654554579,4.518958124470431,0.0,High Urban
124,Puttenahalli Lake,0.4885363527911979,0.4110430389382379,0.5929041921681534,0.06958534919012621,84.31574830661218,7.978333155314128,12.164233565070877,900.6083061584014,1.8046080280473609,13.327052116394045,1,1.9156160192781337,5.376851685257962,8.443043142173627,0.22688691589285973,Moderate Urban
125,Puttenhalli Lake,0.8333430624043094,0.7816458515753415,0.9720263606617814,0.07672747499472929,85.75499812404935,6.723333120346069,6.73125460273618,907.9137897021108,4.154666222207149,0.0917027369141578,4,1.4359560729008096,1.089715621773215,3.3943293367572855,0.42304559470726716,Extreme Urban
126,Rachenahalli Lake,0.00612798148096975,0.0042705522244634,0.0126827111712856,0.0033677526315035616,84.54749807839592,6.272499720255534,2.3774171766313623,886.0744925243846,0.9336393403958914,0.0083309486508369,128,30.623142358219425,14.953271175515669,35.803149432612415,0.8553197929097651,Low Urban
127,Ramapura Kere,0.0,0.0,0.0,0.0,84.54749807839592,6.272499720255534,28.924602230643135,872.6200596096833,1.2143102165719148,224.14503479003903,2,1.2560463888001285,22.773992989504944,42.17642313589662,0.029780770757942714,Low Urban
128,Sampigehalli Lake,0.6023500337692645,0.541186222140358,0.6373549456621853,0.03387752044086679,84.54749807839592,6.272499720255534,22.615478971629475,901.96859004188,2.354257771335351,0.0416520982980728,1,0.617121175887164,0.8667666231880934,2.939476521618412,0.2099425429489025,High Urban
129,Sankey Tank,0.128917529836026,0.1242134743475177,0.1330360734674074,0.0032506918123662797,81.43333143445973,7.368333339691162,3.67364724937715,929.2549744095024,8.118587198835796,0.0666612982749939,2,9.531783052333259,0.535875144239438,12.466672382181216,0.7645811777292845,Low Urban
130,Sarakki Kere,0.0958697533424479,0.0825014977648739,0.1476565740356699,0.025462766735057412,85.17253034673199,6.882069052487712,3.7608105801925977,900.2288357961614,2.499963751792301,4.952043056488037,2,16.46087535188214,2.284651353661531,21.344024169523966,0.771217049846944,Low Urban
131,Saul Kere,0.03906172399562954,0.0321425170266559,0.0497605362513401,0.006669916160522353,81.65999789815396,7.086666504542033,21.020080299846416,876.8223803257118,2.071848072714615,23.875478744506836,64,3.8257095521001876,11.049253835869584,16.636939759192373,0.22995272012007956,Low Urban
132,Seegehalli Lake,0.4493628128358668,0.399619223092277,0.5691939198526025,0.06274989321221792,93.87749750073999,8.144999821980795,6.2794260155603006,871.2458403927192,2.7594611760515475,12.748985290527344,2,5.582003499394834,5.340064342602002,7.764172207243678,0.7189438037176761,Moderate Urban
133,Seetharampalya Lake,0.5296201435402292,0.504583521434297,0.5597669697779335,0.021678063176621756,82.73174809043606,6.886666615804036,8.857720724974625,891.9527665317139,5.01004541672354,0.1500055491924286,64,1.454471253458659,2.042247548585281,4.022266879365211,0.3616048604134895,High Urban
134,Sheelavathana Kere,0.6585583095303907,0.6483399367302433,0.6757517122761753,0.011207051308088191,82.73174809043606,6.886666615804036,6.729627610036888,867.6301820406911,2.4788461147699397,5.875323295593262,8,3.071014165393605,2.49274279056923,4.4653079313719495,0.687749694442696,High Urban
135,Shivapura Old Lake,0.948227418587155,0.8794122614423235,1.0,0.05210863448282886,81.43333143445973,7.368333339691162,9.089274721907694,896.5791805094133,2.0488686942842977,0.0333283133804798,8,0.1621977192663056,0.5402665816936617,1.5449986989099835,0.10498243097598606,Extreme Urban
136,Singapura Kere,0.48104915248167046,0.4007244708446529,0.6030298844223418,0.07489361512154913,81.43333143445973,7.368333339691162,21.281926567730473,890.1986281068728,2.9134772851272603,2.299147367477417,8,1.4473791538747152,2.9263092393633277,8.072643583628338,0.1792943214797766,Moderate Urban
137,Singasandra Lake,0.8579390096284417,0.8519327545208206,0.8613338494718796,0.0038909211112612284,86.14666446531191,6.710833152135213,3.4690423141943847,905.3967632027257,2.165643883665336,0.9920964241027832,32,1.2174126622163859,0.8233530282413256,2.0081188734436033,0.606245316607536,Extreme Urban
138,Somasundarapalya Lake,0.7069823099657756,0.6754318051945662,0.7402225540255738,0.02683275357270269,85.97969674201143,6.724819491046849,9.383561282772868,899.3818079730491,5.0054186932964315,0.4751774072647095,64,1.7651868876732724,0.0263119963382895,2.4274632010785275,0.727173489958157,High Urban
139,Srigandakaval Lake,0.45233451781690587,0.349263971940946,0.5625877229352673,0.1003875557363116,83.40995332043663,7.768840193414698,5.715512109442602,880.4800897363991,4.803648738598997,0.1166681125760078,2,0.026872900403091315,0.18253312089408924,0.608447892040178,0.04416631359011562,Moderate Urban
140,Subedharana Lake,0.4963563831149213,0.400267318062405,0.6103086448203286,0.0988747310939196,86.14666446531191,6.710833152135213,9.99416621689703,911.4272512780178,1.9558028725484564,0.5252687335014343,2,1.878671233024348,2.1658781066600326,3.478791661783854,0.5400355685746939,Moderate Urban
141,Subramanyapura Lake,0.7768531945485607,0.6819276664249818,0.8550655622872452,0.07396074162124439,85.75499812404935,6.723333120346069,18.36959521018343,848.3974713916571,5.9660837584621715,1.575626254081726,32,1.0387385073184343,1.1169343384542025,3.656729347109326,0.2840621792639823,Extreme Urban
142,Subrayana Lake,0.5869866016104288,0.5475170680448103,0.6402129895348767,0.032491762019979636,85.75499812404935,6.723333120346069,6.121359622183783,926.8016501650164,3.0070250494842083,0.1834243834018707,2,0.03876076787312823,0.5091975435593551,1.036166656589882,0.0374078509732145,High Urban
143,Sunkalpalya Lake,0.18835922595549762,0.1357895739314493,0.2605595509829161,0.05089293258702779,85.83333125337958,8.099166552225748,6.111012037517185,813.3123753821612,3.7229932684554834,0.0166721101850271,8,2.2879233198891433,2.0475828435446544,5.147789339378209,0.44444773650459773,Low Urban
144,Thalaghattapura Lake,0.6509409419866817,0.5942683144161698,0.7582699859273514,0.060602139694304655,85.75499812404935,6.723333120346069,15.404908438790937,865.6154624399292,3.957907807820965,0.1584100276231765,1,0.5555641212463379,2.0944177329134472,4.068044733416987,0.13656784958204904,High Urban
145,Thippasandra Lake,0.9579070005633227,0.9130311875864188,0.9858964510677524,0.02990324607398638,85.75499812404935,6.723333120346069,8.98741297253827,888.6566153846153,4.032269944851215,0.0083372443914413,16,0.04198968327840169,0.1005155419542898,0.5544916768062818,0.07572644466054138,Extreme Urban
146,Thirumenahalli Lake,0.459475085599442,0.3857040234295855,0.5320069257264957,0.06031813044929709,84.54749807839592,6.272499720255534,19.15764875168735,900.4160786442316,4.95291982571471,1.4327305555343628,8,2.5355195908036574,0.7055710573857127,5.657482298874203,0.44817101616176636,Moderate Urban
147,Thubarahalli Lake,0.2770012029998208,0.2422237579666743,0.3390524456730399,0.035303871312379644,82.73174809043606,6.886666615804036,11.290605230174934,873.0413868647902,3.893219444092246,0.1583534926176071,128,4.742602604871762,0.8927627091775531,6.992327767746869,0.6782580511668386,Moderate Urban
148,Ullal Lake,0.5324347787807223,0.4633795765931511,0.5911970933393126,0.0501669385572463,85.83333125337958,8.099166552225748,19.758074998710715,837.4350832088389,3.060995942067808,2.800201654434204,4,1.5950468649546305,4.000724318097682,9.844569769619213,0.16202301393373403,High Urban
149,Uttarahalli Lake,0.8014189517144769,0.7532424843789357,0.903647065328918,0.059261890609494425,82.41583149554208,7.633333206176758,4.715820370630919,853.3554694539557,2.176296271693923,0.0083360122516751,8,2.370957133980545,2.133980723879945,3.796415229046391,0.6245252405059227,Extreme Urban
150,Varthur Lake,0.0,0.0,0.0,0.0,82.73174809043606,6.886666615804036,24.55143631968488,862.8362116966929,0.9235215280310918,0.1833599358797073,8,11.292367554717218,79.40971098284052,154.43985890591773,0.07311821983466293,Low Urban
151,Vasanthapura Lake,1.0,1.0,1.0,0.0,85.75499812404935,6.723333120346069,2.2557130319680847,886.2345702385461,5.250531523302621,0.5835646390914917,32,0.0,1.030178747891694,1.8108462402672865,0.0,Extreme Urban
152,Veerasagara Lake,0.25051314637001376,0.2105516809508607,0.2986573266864761,0.03919193775396931,84.31574830661218,7.978333155314128,19.284825768274107,908.8387670731072,3.838178327942738,0.0166592039167881,128,3.066137159472696,1.076119350497177,6.538603706129483,0.4689284283429514,Moderate Urban
153,Vengayyana Lake,0.25028327176586523,0.221538480435056,0.3255368345416522,0.03961286931314979,86.9107461149934,6.746795804168804,10.853043388423488,881.4219958323691,3.966956842860625,5.749464511871338,2,0.06294861005147297,8.081388663708557,14.154800670462194,0.004447156234621672,Moderate Urban
154,Vidyaranyapura Kere,0.8872503118703111,0.8416814286986183,0.9639663149363108,0.04519143322275001,81.43333143445973,7.368333339691162,2.972752888408352,911.2257766272188,1.472909031623214,0.0249913409352302,4,0.0,1.5847110641534343,1.8493621418133899,0.0,Extreme Urban
155,Vijinapura Lake,0.7330698457154092,0.6947198064072331,0.8213320558176105,0.044746636353849935,84.54749807839592,6.272499720255534,4.039405104048513,890.467946100449,2.510791979404603,1.1915875673294067,128,0.7566909884987626,0.17138113967745908,1.673324603711296,0.4522081291463021,High Urban
156,Vrishabhavati,1.0,1.0,1.0,0.0,83.5421025162649,7.786853216511243,7.085327904524118,794.27712213849,2.98550707535742,0.0083355968818068,64,0.07118335164288282,12.331652675880958,33.729295355027205,0.002110431033130766,Extreme Urban
157,Yediyur Lake,0.6793743530199571,0.6725858621229855,0.6890348977579552,0.00658458562927515,82.41583149554208,7.633333206176758,4.15389911543493,908.555965559656,6.183740381332762,0.0916879028081893,64,3.0587907022079768,0.6967181791851568,3.8840622334858015,0.7875236075872105,High Urban
158,Yelachenahalli Kere,0.9080807242943999,0.8973742177491454,0.9122588731901088,0.005442630341149978,84.59682577789019,7.038961853998903,6.048936552153172,889.0976190476192,3.7992810145601057,0.5502026081085205,64,0.9857855616181818,0.2255347473528494,1.5494923143813193,0.6361990649897388,Extreme Urban
159,Yelahanka Lake,0.0,0.0,0.0,0.0,84.31574830661218,7.978333155314128,0.9242514077168886,894.8550937831823,1.4298162713142182,0.008329258300364,64,86.33840447454963,4.985338876306872,96.00122626501349,0.8993468920512596,Low Urban
160,Yelenahalli Lake,0.9574298768216357,0.9341860672334492,1.0,0.02312406889054169,86.14666446531191,6.710833152135213,6.172056289913599,912.9954441913442,4.581657471309218,0.1500739902257919,64,0.2309913173575806,0.18164152817470577,1.203013886649936,0.192010516188494,Extreme Urban
161,Yellamallappa Chetty Lake,0.0,0.0,0.0,0.0,93.87749750073999,8.144999821980795,0.0,865.1218104050326,1.2065122091943177,267.27490234375,4,80.27268836879007,37.92980510618872,137.53985920500804,0.5836321836649606,Low Urban
